img,cls
database/louvre/paris_louvre_000188.jpg,louvre
database/louvre/paris_louvre_000177.jpg,louvre
database/louvre/paris_louvre_000163.jpg,louvre
database/louvre/paris_louvre_000017.jpg,louvre
database/louvre/paris_louvre_000002.jpg,louvre
database/louvre/paris_louvre_000162.jpg,louvre
database/louvre/paris_louvre_000176.jpg,louvre
database/louvre/paris_louvre_000189.jpg,louvre
database/louvre/paris_louvre_000174.jpg,louvre
database/louvre/paris_louvre_000148.jpg,louvre
database/louvre/paris_louvre_000014.jpg,louvre
database/louvre/paris_louvre_000000.jpg,louvre
database/louvre/paris_louvre_000202.jpg,louvre
database/louvre/paris_louvre_000015.jpg,louvre
database/louvre/paris_louvre_000149.jpg,louvre
database/louvre/paris_louvre_000175.jpg,louvre
database/louvre/paris_louvre_000161.jpg,louvre
database/louvre/paris_louvre_000165.jpg,louvre
database/louvre/paris_louvre_000206.jpg,louvre
database/louvre/paris_louvre_000004.jpg,louvre
database/louvre/paris_louvre_000170.jpg,louvre
database/louvre/paris_louvre_000166.jpg,louvre
database/louvre/paris_louvre_000013.jpg,louvre
database/louvre/paris_louvre_000100.jpg,louvre
database/louvre/paris_louvre_000074.jpg,louvre
database/louvre/paris_louvre_000075.jpg,louvre
database/louvre/paris_louvre_000061.jpg,louvre
database/louvre/paris_louvre_000103.jpg,louvre
database/louvre/paris_louvre_000117.jpg,louvre
database/louvre/paris_louvre_000062.jpg,louvre
database/louvre/paris_louvre_000076.jpg,louvre
database/louvre/paris_louvre_000116.jpg,louvre
database/louvre/paris_louvre_000099.jpg,louvre
database/louvre/paris_louvre_000073.jpg,louvre
database/louvre/paris_louvre_000098.jpg,louvre
database/louvre/paris_louvre_000139.jpg,louvre
database/louvre/paris_louvre_000111.jpg,louvre
database/louvre/paris_louvre_000070.jpg,louvre
database/louvre/paris_louvre_000104.jpg,louvre
database/louvre/paris_louvre_000138.jpg,louvre
database/louvre/paris_louvre_000135.jpg,louvre
database/louvre/paris_louvre_000082.jpg,louvre
database/louvre/paris_louvre_000096.jpg,louvre
database/louvre/paris_louvre_000068.jpg,louvre
database/louvre/paris_louvre_000054.jpg,louvre
database/louvre/paris_louvre_000097.jpg,louvre
database/louvre/paris_louvre_000083.jpg,louvre
database/louvre/paris_louvre_000108.jpg,louvre
database/louvre/paris_louvre_000134.jpg,louvre
database/louvre/paris_louvre_000122.jpg,louvre
database/louvre/paris_louvre_000081.jpg,louvre
database/louvre/paris_louvre_000043.jpg,louvre
database/louvre/paris_louvre_000094.jpg,louvre
database/louvre/paris_louvre_000047.jpg,louvre
database/louvre/paris_louvre_000046.jpg,louvre
database/louvre/paris_louvre_000091.jpg,louvre
database/louvre/paris_louvre_000130.jpg,louvre
database/louvre/paris_louvre_000093.jpg,louvre
database/louvre/paris_louvre_000044.jpg,louvre
database/louvre/paris_louvre_000050.jpg,louvre
database/louvre/paris_louvre_000045.jpg,louvre
database/louvre/paris_louvre_000092.jpg,louvre
database/louvre/paris_louvre_000086.jpg,louvre
database/louvre/paris_louvre_000125.jpg,louvre
database/louvre/paris_louvre_000131.jpg,louvre
database/louvre/paris_louvre_000119.jpg,louvre
database/louvre/paris_louvre_000195.jpg,louvre
database/louvre/paris_louvre_000181.jpg,louvre
database/louvre/paris_louvre_000142.jpg,louvre
database/louvre/paris_louvre_000022.jpg,louvre
database/louvre/paris_louvre_000036.jpg,louvre
database/louvre/paris_louvre_000023.jpg,louvre
database/louvre/paris_louvre_000143.jpg,louvre
database/louvre/paris_louvre_000157.jpg,louvre
database/louvre/paris_louvre_000194.jpg,louvre
database/louvre/paris_louvre_000141.jpg,louvre
database/louvre/paris_louvre_000155.jpg,louvre
database/louvre/paris_louvre_000035.jpg,louvre
database/louvre/paris_louvre_000008.jpg,louvre
database/louvre/paris_louvre_000168.jpg,louvre
database/louvre/paris_louvre_000154.jpg,louvre
database/louvre/paris_louvre_000140.jpg,louvre
database/louvre/paris_louvre_000187.jpg,louvre
database/louvre/paris_louvre_000178.jpg,louvre
database/louvre/paris_louvre_000150.jpg,louvre
database/louvre/paris_louvre_000018.jpg,louvre
database/louvre/paris_louvre_000024.jpg,louvre
database/louvre/paris_louvre_000019.jpg,louvre
database/louvre/paris_louvre_000151.jpg,louvre
database/louvre/paris_louvre_000145.jpg,louvre
database/louvre/paris_louvre_000186.jpg,louvre
database/louvre/paris_louvre_000190.jpg,louvre
database/louvre/paris_louvre_000153.jpg,louvre
database/louvre/paris_louvre_000147.jpg,louvre
database/louvre/paris_louvre_000033.jpg,louvre
database/louvre/paris_louvre_000032.jpg,louvre
database/louvre/paris_louvre_000152.jpg,louvre
database/louvre/paris_louvre_000191.jpg,louvre
database/general/paris_general_000148.jpg,general
database/general/paris_general_000014.jpg,general
database/general/paris_general_000001.jpg,general
database/general/paris_general_000003.jpg,general
database/general/paris_general_000017.jpg,general
database/general/paris_general_000016.jpg,general
database/general/paris_general_000002.jpg,general
database/general/paris_general_000012.jpg,general
database/general/paris_general_000013.jpg,general
database/general/paris_general_000007.jpg,general
database/general/paris_general_000038.jpg,general
database/general/paris_general_000004.jpg,general
database/general/paris_general_000010.jpg,general
database/general/paris_general_000103.jpg,general
database/general/paris_general_000117.jpg,general
database/general/paris_general_000063.jpg,general
database/general/paris_general_000088.jpg,general
database/general/paris_general_000089.jpg,general
database/general/paris_general_000062.jpg,general
database/general/paris_general_000076.jpg,general
database/general/paris_general_000116.jpg,general
database/general/paris_general_000102.jpg,general
database/general/paris_general_000128.jpg,general
database/general/paris_general_000114.jpg,general
database/general/paris_general_000060.jpg,general
database/general/paris_general_000074.jpg,general
database/general/paris_general_000075.jpg,general
database/general/paris_general_000061.jpg,general
database/general/paris_general_000101.jpg,general
database/general/paris_general_000115.jpg,general
database/general/paris_general_000129.jpg,general
database/general/paris_general_000111.jpg,general
database/general/paris_general_000105.jpg,general
database/general/paris_general_000139.jpg,general
database/general/paris_general_000071.jpg,general
database/general/paris_general_000059.jpg,general
database/general/paris_general_000058.jpg,general
database/general/paris_general_000070.jpg,general
database/general/paris_general_000138.jpg,general
database/general/paris_general_000104.jpg,general
database/general/paris_general_000110.jpg,general
database/general/paris_general_000106.jpg,general
database/general/paris_general_000099.jpg,general
database/general/paris_general_000098.jpg,general
database/general/paris_general_000067.jpg,general
database/general/paris_general_000113.jpg,general
database/general/paris_general_000107.jpg,general
database/general/paris_general_000122.jpg,general
database/general/paris_general_000136.jpg,general
database/general/paris_general_000081.jpg,general
database/general/paris_general_000094.jpg,general
database/general/paris_general_000043.jpg,general
database/general/paris_general_000137.jpg,general
database/general/paris_general_000123.jpg,general
database/general/paris_general_000109.jpg,general
database/general/paris_general_000135.jpg,general
database/general/paris_general_000121.jpg,general
database/general/paris_general_000096.jpg,general
database/general/paris_general_000097.jpg,general
database/general/paris_general_000083.jpg,general
database/general/paris_general_000120.jpg,general
database/general/paris_general_000108.jpg,general
database/general/paris_general_000130.jpg,general
database/general/paris_general_000124.jpg,general
database/general/paris_general_000118.jpg,general
database/general/paris_general_000078.jpg,general
database/general/paris_general_000087.jpg,general
database/general/paris_general_000093.jpg,general
database/general/paris_general_000092.jpg,general
database/general/paris_general_000086.jpg,general
database/general/paris_general_000079.jpg,general
database/general/paris_general_000119.jpg,general
database/general/paris_general_000125.jpg,general
database/general/paris_general_000131.jpg,general
database/general/paris_general_000127.jpg,general
database/general/paris_general_000133.jpg,general
database/general/paris_general_000090.jpg,general
database/general/paris_general_000084.jpg,general
database/general/paris_general_000085.jpg,general
database/general/paris_general_000091.jpg,general
database/general/paris_general_000132.jpg,general
database/general/paris_general_000126.jpg,general
database/general/paris_general_000009.jpg,general
database/general/paris_general_000021.jpg,general
database/general/paris_general_000008.jpg,general
database/general/paris_general_000140.jpg,general
database/general/paris_general_000142.jpg,general
database/general/paris_general_000022.jpg,general
database/general/paris_general_000037.jpg,general
database/general/paris_general_000023.jpg,general
database/general/paris_general_000143.jpg,general
database/general/paris_general_000147.jpg,general
database/general/paris_general_000026.jpg,general
database/general/paris_general_000146.jpg,general
database/general/paris_general_000144.jpg,general
database/general/paris_general_000024.jpg,general
database/general/paris_general_000018.jpg,general
database/general/paris_general_000019.jpg,general
database/general/paris_general_000025.jpg,general
database/general/paris_general_000145.jpg,general
database/defense/paris_defense_000002.jpg,defense
database/defense/paris_defense_000016.jpg,defense
database/defense/paris_defense_000000.jpg,defense
database/defense/paris_defense_000014.jpg,defense
database/defense/paris_defense_000028.jpg,defense
database/defense/paris_defense_000160.jpg,defense
database/defense/paris_defense_000149.jpg,defense
database/defense/paris_defense_000015.jpg,defense
database/defense/paris_defense_000039.jpg,defense
database/defense/paris_defense_000005.jpg,defense
database/defense/paris_defense_000011.jpg,defense
database/defense/paris_defense_000159.jpg,defense
database/defense/paris_defense_000158.jpg,defense
database/defense/paris_defense_000004.jpg,defense
database/defense/paris_defense_000038.jpg,defense
database/defense/paris_defense_000012.jpg,defense
database/defense/paris_defense_000006.jpg,defense
database/defense/paris_defense_000013.jpg,defense
database/defense/paris_defense_000060.jpg,defense
database/defense/paris_defense_000100.jpg,defense
database/defense/paris_defense_000101.jpg,defense
database/defense/paris_defense_000049.jpg,defense
database/defense/paris_defense_000075.jpg,defense
database/defense/paris_defense_000063.jpg,defense
database/defense/paris_defense_000077.jpg,defense
database/defense/paris_defense_000103.jpg,defense
database/defense/paris_defense_000102.jpg,defense
database/defense/paris_defense_000076.jpg,defense
database/defense/paris_defense_000062.jpg,defense
database/defense/paris_defense_000106.jpg,defense
database/defense/paris_defense_000107.jpg,defense
database/defense/paris_defense_000113.jpg,defense
database/defense/paris_defense_000073.jpg,defense
database/defense/paris_defense_000067.jpg,defense
database/defense/paris_defense_000098.jpg,defense
database/defense/paris_defense_000059.jpg,defense
database/defense/paris_defense_000071.jpg,defense
database/defense/paris_defense_000065.jpg,defense
database/defense/paris_defense_000105.jpg,defense
database/defense/paris_defense_000111.jpg,defense
database/defense/paris_defense_000110.jpg,defense
database/defense/paris_defense_000104.jpg,defense
database/defense/paris_defense_000138.jpg,defense
database/defense/paris_defense_000070.jpg,defense
database/defense/paris_defense_000058.jpg,defense
database/defense/paris_defense_000041.jpg,defense
database/defense/paris_defense_000109.jpg,defense
database/defense/paris_defense_000108.jpg,defense
database/defense/paris_defense_000068.jpg,defense
database/defense/paris_defense_000040.jpg,defense
database/defense/paris_defense_000054.jpg,defense
database/defense/paris_defense_000081.jpg,defense
database/defense/paris_defense_000095.jpg,defense
database/defense/paris_defense_000042.jpg,defense
database/defense/paris_defense_000056.jpg,defense
database/defense/paris_defense_000136.jpg,defense
database/defense/paris_defense_000123.jpg,defense
database/defense/paris_defense_000043.jpg,defense
database/defense/paris_defense_000094.jpg,defense
database/defense/paris_defense_000080.jpg,defense
database/defense/paris_defense_000090.jpg,defense
database/defense/paris_defense_000047.jpg,defense
database/defense/paris_defense_000126.jpg,defense
database/defense/paris_defense_000132.jpg,defense
database/defense/paris_defense_000052.jpg,defense
database/defense/paris_defense_000046.jpg,defense
database/defense/paris_defense_000091.jpg,defense
database/defense/paris_defense_000093.jpg,defense
database/defense/paris_defense_000078.jpg,defense
database/defense/paris_defense_000050.jpg,defense
database/defense/paris_defense_000044.jpg,defense
database/defense/paris_defense_000124.jpg,defense
database/defense/paris_defense_000125.jpg,defense
database/defense/paris_defense_000051.jpg,defense
database/defense/paris_defense_000079.jpg,defense
database/defense/paris_defense_000092.jpg,defense
database/defense/paris_defense_000036.jpg,defense
database/defense/paris_defense_000157.jpg,defense
database/defense/paris_defense_000143.jpg,defense
database/defense/paris_defense_000037.jpg,defense
database/defense/paris_defense_000035.jpg,defense
database/defense/paris_defense_000009.jpg,defense
database/defense/paris_defense_000155.jpg,defense
database/defense/paris_defense_000141.jpg,defense
database/defense/paris_defense_000034.jpg,defense
database/defense/paris_defense_000020.jpg,defense
database/defense/paris_defense_000024.jpg,defense
database/defense/paris_defense_000030.jpg,defense
database/defense/paris_defense_000150.jpg,defense
database/defense/paris_defense_000144.jpg,defense
database/defense/paris_defense_000145.jpg,defense
database/defense/paris_defense_000031.jpg,defense
database/defense/paris_defense_000019.jpg,defense
database/defense/paris_defense_000027.jpg,defense
database/defense/paris_defense_000147.jpg,defense
database/defense/paris_defense_000153.jpg,defense
database/defense/paris_defense_000152.jpg,defense
database/defense/paris_defense_000146.jpg,defense
database/defense/paris_defense_000026.jpg,defense
database/defense/paris_defense_000032.jpg,defense
database/eiffel/paris_eiffel_000214.jpg,eiffel
database/eiffel/paris_eiffel_000002.jpg,eiffel
database/eiffel/paris_eiffel_000189.jpg,eiffel
database/eiffel/paris_eiffel_000176.jpg,eiffel
database/eiffel/paris_eiffel_000177.jpg,eiffel
database/eiffel/paris_eiffel_000215.jpg,eiffel
database/eiffel/paris_eiffel_000217.jpg,eiffel
database/eiffel/paris_eiffel_000203.jpg,eiffel
database/eiffel/paris_eiffel_000161.jpg,eiffel
database/eiffel/paris_eiffel_000175.jpg,eiffel
database/eiffel/paris_eiffel_000174.jpg,eiffel
database/eiffel/paris_eiffel_000160.jpg,eiffel
database/eiffel/paris_eiffel_000000.jpg,eiffel
database/eiffel/paris_eiffel_000014.jpg,eiffel
database/eiffel/paris_eiffel_000028.jpg,eiffel
database/eiffel/paris_eiffel_000212.jpg,eiffel
database/eiffel/paris_eiffel_000206.jpg,eiffel
database/eiffel/paris_eiffel_000010.jpg,eiffel
database/eiffel/paris_eiffel_000004.jpg,eiffel
database/eiffel/paris_eiffel_000170.jpg,eiffel
database/eiffel/paris_eiffel_000165.jpg,eiffel
database/eiffel/paris_eiffel_000005.jpg,eiffel
database/eiffel/paris_eiffel_000011.jpg,eiffel
database/eiffel/paris_eiffel_000207.jpg,eiffel
database/eiffel/paris_eiffel_000205.jpg,eiffel
database/eiffel/paris_eiffel_000198.jpg,eiffel
database/eiffel/paris_eiffel_000173.jpg,eiffel
database/eiffel/paris_eiffel_000167.jpg,eiffel
database/eiffel/paris_eiffel_000166.jpg,eiffel
database/eiffel/paris_eiffel_000172.jpg,eiffel
database/eiffel/paris_eiffel_000199.jpg,eiffel
database/eiffel/paris_eiffel_000012.jpg,eiffel
database/eiffel/paris_eiffel_000204.jpg,eiffel
database/eiffel/paris_eiffel_000049.jpg,eiffel
database/eiffel/paris_eiffel_000115.jpg,eiffel
database/eiffel/paris_eiffel_000114.jpg,eiffel
database/eiffel/paris_eiffel_000128.jpg,eiffel
database/eiffel/paris_eiffel_000074.jpg,eiffel
database/eiffel/paris_eiffel_000116.jpg,eiffel
database/eiffel/paris_eiffel_000098.jpg,eiffel
database/eiffel/paris_eiffel_000073.jpg,eiffel
database/eiffel/paris_eiffel_000107.jpg,eiffel
database/eiffel/paris_eiffel_000072.jpg,eiffel
database/eiffel/paris_eiffel_000058.jpg,eiffel
database/eiffel/paris_eiffel_000110.jpg,eiffel
database/eiffel/paris_eiffel_000104.jpg,eiffel
database/eiffel/paris_eiffel_000105.jpg,eiffel
database/eiffel/paris_eiffel_000059.jpg,eiffel
database/eiffel/paris_eiffel_000083.jpg,eiffel
database/eiffel/paris_eiffel_000040.jpg,eiffel
database/eiffel/paris_eiffel_000135.jpg,eiffel
database/eiffel/paris_eiffel_000109.jpg,eiffel
database/eiffel/paris_eiffel_000041.jpg,eiffel
database/eiffel/paris_eiffel_000094.jpg,eiffel
database/eiffel/paris_eiffel_000136.jpg,eiffel
database/eiffel/paris_eiffel_000091.jpg,eiffel
database/eiffel/paris_eiffel_000046.jpg,eiffel
database/eiffel/paris_eiffel_000047.jpg,eiffel
database/eiffel/paris_eiffel_000084.jpg,eiffel
database/eiffel/paris_eiffel_000090.jpg,eiffel
database/eiffel/paris_eiffel_000086.jpg,eiffel
database/eiffel/paris_eiffel_000045.jpg,eiffel
database/eiffel/paris_eiffel_000051.jpg,eiffel
database/eiffel/paris_eiffel_000078.jpg,eiffel
database/eiffel/paris_eiffel_000050.jpg,eiffel
database/eiffel/paris_eiffel_000093.jpg,eiffel
database/eiffel/paris_eiffel_000209.jpg,eiffel
database/eiffel/paris_eiffel_000221.jpg,eiffel
database/eiffel/paris_eiffel_000037.jpg,eiffel
database/eiffel/paris_eiffel_000180.jpg,eiffel
database/eiffel/paris_eiffel_000156.jpg,eiffel
database/eiffel/paris_eiffel_000022.jpg,eiffel
database/eiffel/paris_eiffel_000220.jpg,eiffel
database/eiffel/paris_eiffel_000208.jpg,eiffel
database/eiffel/paris_eiffel_000222.jpg,eiffel
database/eiffel/paris_eiffel_000008.jpg,eiffel
database/eiffel/paris_eiffel_000034.jpg,eiffel
database/eiffel/paris_eiffel_000168.jpg,eiffel
database/eiffel/paris_eiffel_000169.jpg,eiffel
database/eiffel/paris_eiffel_000196.jpg,eiffel
database/eiffel/paris_eiffel_000021.jpg,eiffel
database/eiffel/paris_eiffel_000223.jpg,eiffel
database/eiffel/paris_eiffel_000031.jpg,eiffel
database/eiffel/paris_eiffel_000019.jpg,eiffel
database/eiffel/paris_eiffel_000186.jpg,eiffel
database/eiffel/paris_eiffel_000192.jpg,eiffel
database/eiffel/paris_eiffel_000151.jpg,eiffel
database/eiffel/paris_eiffel_000178.jpg,eiffel
database/eiffel/paris_eiffel_000030.jpg,eiffel
database/eiffel/paris_eiffel_000224.jpg,eiffel
database/eiffel/paris_eiffel_000191.jpg,eiffel
database/eiffel/paris_eiffel_000185.jpg,eiffel
database/eiffel/paris_eiffel_000152.jpg,eiffel
database/eiffel/paris_eiffel_000146.jpg,eiffel
database/eiffel/paris_eiffel_000147.jpg,eiffel
database/eiffel/paris_eiffel_000153.jpg,eiffel
database/eiffel/paris_eiffel_000033.jpg,eiffel
database/eiffel/paris_eiffel_000027.jpg,eiffel
database/eiffel/paris_eiffel_000219.jpg,eiffel
database/eiffel/paris_eiffel_000225.jpg,eiffel
database/moulinrouge/paris_moulinrouge_000123.jpg,moulinrouge
database/moulinrouge/paris_moulinrouge_000094.jpg,moulinrouge
database/moulinrouge/paris_moulinrouge_000042.jpg,moulinrouge
database/moulinrouge/paris_moulinrouge_000081.jpg,moulinrouge
database/moulinrouge/paris_moulinrouge_000095.jpg,moulinrouge
database/moulinrouge/paris_moulinrouge_000136.jpg,moulinrouge
database/moulinrouge/paris_moulinrouge_000122.jpg,moulinrouge
database/moulinrouge/paris_moulinrouge_000108.jpg,moulinrouge
database/moulinrouge/paris_moulinrouge_000068.jpg,moulinrouge
database/moulinrouge/paris_moulinrouge_000041.jpg,moulinrouge
database/moulinrouge/paris_moulinrouge_000096.jpg,moulinrouge
database/moulinrouge/paris_moulinrouge_000082.jpg,moulinrouge
database/moulinrouge/paris_moulinrouge_000121.jpg,moulinrouge
database/moulinrouge/paris_moulinrouge_000109.jpg,moulinrouge
database/moulinrouge/paris_moulinrouge_000125.jpg,moulinrouge
database/moulinrouge/paris_moulinrouge_000119.jpg,moulinrouge
database/moulinrouge/paris_moulinrouge_000050.jpg,moulinrouge
database/moulinrouge/paris_moulinrouge_000124.jpg,moulinrouge
database/moulinrouge/paris_moulinrouge_000130.jpg,moulinrouge
database/moulinrouge/paris_moulinrouge_000091.jpg,moulinrouge
database/moulinrouge/paris_moulinrouge_000046.jpg,moulinrouge
database/moulinrouge/paris_moulinrouge_000053.jpg,moulinrouge
database/moulinrouge/paris_moulinrouge_000084.jpg,moulinrouge
database/moulinrouge/paris_moulinrouge_000090.jpg,moulinrouge
database/moulinrouge/paris_moulinrouge_000168.jpg,moulinrouge
database/moulinrouge/paris_moulinrouge_000154.jpg,moulinrouge
database/moulinrouge/paris_moulinrouge_000034.jpg,moulinrouge
database/moulinrouge/paris_moulinrouge_000021.jpg,moulinrouge
database/moulinrouge/paris_moulinrouge_000009.jpg,moulinrouge
database/moulinrouge/paris_moulinrouge_000155.jpg,moulinrouge
database/moulinrouge/paris_moulinrouge_000169.jpg,moulinrouge
database/moulinrouge/paris_moulinrouge_000196.jpg,moulinrouge
database/moulinrouge/paris_moulinrouge_000182.jpg,moulinrouge
database/moulinrouge/paris_moulinrouge_000194.jpg,moulinrouge
database/moulinrouge/paris_moulinrouge_000157.jpg,moulinrouge
database/moulinrouge/paris_moulinrouge_000209.jpg,moulinrouge
database/moulinrouge/paris_moulinrouge_000022.jpg,moulinrouge
database/moulinrouge/paris_moulinrouge_000220.jpg,moulinrouge
database/moulinrouge/paris_moulinrouge_000208.jpg,moulinrouge
database/moulinrouge/paris_moulinrouge_000156.jpg,moulinrouge
database/moulinrouge/paris_moulinrouge_000181.jpg,moulinrouge
database/moulinrouge/paris_moulinrouge_000195.jpg,moulinrouge
database/moulinrouge/paris_moulinrouge_000152.jpg,moulinrouge
database/moulinrouge/paris_moulinrouge_000146.jpg,moulinrouge
database/moulinrouge/paris_moulinrouge_000224.jpg,moulinrouge
database/moulinrouge/paris_moulinrouge_000218.jpg,moulinrouge
database/moulinrouge/paris_moulinrouge_000026.jpg,moulinrouge
database/moulinrouge/paris_moulinrouge_000027.jpg,moulinrouge
database/moulinrouge/paris_moulinrouge_000184.jpg,moulinrouge
database/moulinrouge/paris_moulinrouge_000186.jpg,moulinrouge
database/moulinrouge/paris_moulinrouge_000192.jpg,moulinrouge
database/moulinrouge/paris_moulinrouge_000151.jpg,moulinrouge
database/moulinrouge/paris_moulinrouge_000227.jpg,moulinrouge
database/moulinrouge/paris_moulinrouge_000019.jpg,moulinrouge
database/moulinrouge/paris_moulinrouge_000018.jpg,moulinrouge
database/moulinrouge/paris_moulinrouge_000024.jpg,moulinrouge
database/moulinrouge/paris_moulinrouge_000226.jpg,moulinrouge
database/moulinrouge/paris_moulinrouge_000175.jpg,moulinrouge
database/moulinrouge/paris_moulinrouge_000015.jpg,moulinrouge
database/moulinrouge/paris_moulinrouge_000014.jpg,moulinrouge
database/moulinrouge/paris_moulinrouge_000216.jpg,moulinrouge
database/moulinrouge/paris_moulinrouge_000160.jpg,moulinrouge
database/moulinrouge/paris_moulinrouge_000189.jpg,moulinrouge
database/moulinrouge/paris_moulinrouge_000162.jpg,moulinrouge
database/moulinrouge/paris_moulinrouge_000214.jpg,moulinrouge
database/moulinrouge/paris_moulinrouge_000017.jpg,moulinrouge
database/moulinrouge/paris_moulinrouge_000003.jpg,moulinrouge
database/moulinrouge/paris_moulinrouge_000215.jpg,moulinrouge
database/moulinrouge/paris_moulinrouge_000201.jpg,moulinrouge
database/moulinrouge/paris_moulinrouge_000163.jpg,moulinrouge
database/moulinrouge/paris_moulinrouge_000198.jpg,moulinrouge
database/moulinrouge/paris_moulinrouge_000211.jpg,moulinrouge
database/moulinrouge/paris_moulinrouge_000006.jpg,moulinrouge
database/moulinrouge/paris_moulinrouge_000210.jpg,moulinrouge
database/moulinrouge/paris_moulinrouge_000172.jpg,moulinrouge
database/moulinrouge/paris_moulinrouge_000164.jpg,moulinrouge
database/moulinrouge/paris_moulinrouge_000170.jpg,moulinrouge
database/moulinrouge/paris_moulinrouge_000158.jpg,moulinrouge
database/moulinrouge/paris_moulinrouge_000212.jpg,moulinrouge
database/moulinrouge/paris_moulinrouge_000010.jpg,moulinrouge
database/moulinrouge/paris_moulinrouge_000004.jpg,moulinrouge
database/moulinrouge/paris_moulinrouge_000039.jpg,moulinrouge
database/moulinrouge/paris_moulinrouge_000011.jpg,moulinrouge
database/moulinrouge/paris_moulinrouge_000213.jpg,moulinrouge
database/moulinrouge/paris_moulinrouge_000159.jpg,moulinrouge
database/moulinrouge/paris_moulinrouge_000088.jpg,moulinrouge
database/moulinrouge/paris_moulinrouge_000103.jpg,moulinrouge
database/moulinrouge/paris_moulinrouge_000101.jpg,moulinrouge
database/moulinrouge/paris_moulinrouge_000049.jpg,moulinrouge
database/moulinrouge/paris_moulinrouge_000061.jpg,moulinrouge
database/moulinrouge/paris_moulinrouge_000075.jpg,moulinrouge
database/moulinrouge/paris_moulinrouge_000060.jpg,moulinrouge
database/moulinrouge/paris_moulinrouge_000048.jpg,moulinrouge
database/moulinrouge/paris_moulinrouge_000110.jpg,moulinrouge
database/moulinrouge/paris_moulinrouge_000059.jpg,moulinrouge
database/moulinrouge/paris_moulinrouge_000071.jpg,moulinrouge
database/moulinrouge/paris_moulinrouge_000065.jpg,moulinrouge
database/moulinrouge/paris_moulinrouge_000113.jpg,moulinrouge
database/moulinrouge/paris_moulinrouge_000099.jpg,moulinrouge
database/moulinrouge/paris_moulinrouge_000106.jpg,moulinrouge
database/invalides/paris_invalides_000634.jpg,invalides
database/invalides/paris_invalides_000146.jpg,invalides
database/invalides/paris_invalides_000436.jpg,invalides
database/invalides/paris_invalides_000422.jpg,invalides
database/invalides/paris_invalides_000344.jpg,invalides
database/invalides/paris_invalides_000378.jpg,invalides
database/invalides/paris_invalides_000393.jpg,invalides
database/invalides/paris_invalides_000387.jpg,invalides
database/invalides/paris_invalides_000230.jpg,invalides
database/invalides/paris_invalides_000581.jpg,invalides
database/invalides/paris_invalides_000595.jpg,invalides
database/invalides/paris_invalides_000026.jpg,invalides
database/invalides/paris_invalides_000032.jpg,invalides
database/invalides/paris_invalides_000754.jpg,invalides
database/invalides/paris_invalides_000768.jpg,invalides
database/invalides/paris_invalides_000783.jpg,invalides
database/invalides/paris_invalides_000033.jpg,invalides
database/invalides/paris_invalides_000027.jpg,invalides
database/invalides/paris_invalides_000594.jpg,invalides
database/invalides/paris_invalides_000580.jpg,invalides
database/invalides/paris_invalides_000219.jpg,invalides
database/invalides/paris_invalides_000231.jpg,invalides
database/invalides/paris_invalides_000225.jpg,invalides
database/invalides/paris_invalides_000543.jpg,invalides
database/invalides/paris_invalides_000386.jpg,invalides
database/invalides/paris_invalides_000392.jpg,invalides
database/invalides/paris_invalides_000345.jpg,invalides
database/invalides/paris_invalides_000437.jpg,invalides
database/invalides/paris_invalides_000147.jpg,invalides
database/invalides/paris_invalides_000621.jpg,invalides
database/invalides/paris_invalides_000153.jpg,invalides
database/invalides/paris_invalides_000623.jpg,invalides
database/invalides/paris_invalides_000151.jpg,invalides
database/invalides/paris_invalides_000179.jpg,invalides
database/invalides/paris_invalides_000192.jpg,invalides
database/invalides/paris_invalides_000347.jpg,invalides
database/invalides/paris_invalides_000435.jpg,invalides
database/invalides/paris_invalides_000409.jpg,invalides
database/invalides/paris_invalides_000390.jpg,invalides
database/invalides/paris_invalides_000555.jpg,invalides
database/invalides/paris_invalides_000541.jpg,invalides
database/invalides/paris_invalides_000227.jpg,invalides
database/invalides/paris_invalides_000569.jpg,invalides
database/invalides/paris_invalides_000596.jpg,invalides
database/invalides/paris_invalides_000582.jpg,invalides
database/invalides/paris_invalides_000757.jpg,invalides
database/invalides/paris_invalides_000031.jpg,invalides
database/invalides/paris_invalides_000025.jpg,invalides
database/invalides/paris_invalides_000743.jpg,invalides
database/invalides/paris_invalides_000024.jpg,invalides
database/invalides/paris_invalides_000756.jpg,invalides
database/invalides/paris_invalides_000030.jpg,invalides
database/invalides/paris_invalides_000583.jpg,invalides
database/invalides/paris_invalides_000597.jpg,invalides
database/invalides/paris_invalides_000568.jpg,invalides
database/invalides/paris_invalides_000232.jpg,invalides
database/invalides/paris_invalides_000554.jpg,invalides
database/invalides/paris_invalides_000391.jpg,invalides
database/invalides/paris_invalides_000408.jpg,invalides
database/invalides/paris_invalides_000434.jpg,invalides
database/invalides/paris_invalides_000352.jpg,invalides
database/invalides/paris_invalides_000346.jpg,invalides
database/invalides/paris_invalides_000193.jpg,invalides
database/invalides/paris_invalides_000150.jpg,invalides
database/invalides/paris_invalides_000636.jpg,invalides
database/invalides/paris_invalides_000140.jpg,invalides
database/invalides/paris_invalides_000626.jpg,invalides
database/invalides/paris_invalides_000197.jpg,invalides
database/invalides/paris_invalides_000342.jpg,invalides
database/invalides/paris_invalides_000356.jpg,invalides
database/invalides/paris_invalides_000430.jpg,invalides
database/invalides/paris_invalides_000381.jpg,invalides
database/invalides/paris_invalides_000578.jpg,invalides
database/invalides/paris_invalides_000222.jpg,invalides
database/invalides/paris_invalides_000544.jpg,invalides
database/invalides/paris_invalides_000593.jpg,invalides
database/invalides/paris_invalides_000587.jpg,invalides
database/invalides/paris_invalides_000008.jpg,invalides
database/invalides/paris_invalides_000034.jpg,invalides
database/invalides/paris_invalides_000746.jpg,invalides
database/invalides/paris_invalides_000747.jpg,invalides
database/invalides/paris_invalides_000035.jpg,invalides
database/invalides/paris_invalides_000753.jpg,invalides
database/invalides/paris_invalides_000009.jpg,invalides
database/invalides/paris_invalides_000586.jpg,invalides
database/invalides/paris_invalides_000592.jpg,invalides
database/invalides/paris_invalides_000223.jpg,invalides
database/invalides/paris_invalides_000545.jpg,invalides
database/invalides/paris_invalides_000237.jpg,invalides
database/invalides/paris_invalides_000579.jpg,invalides
database/invalides/paris_invalides_000394.jpg,invalides
database/invalides/paris_invalides_000357.jpg,invalides
database/invalides/paris_invalides_000425.jpg,invalides
database/invalides/paris_invalides_000419.jpg,invalides
database/invalides/paris_invalides_000633.jpg,invalides
database/invalides/paris_invalides_000155.jpg,invalides
database/invalides/paris_invalides_000141.jpg,invalides
database/invalides/paris_invalides_000619.jpg,invalides
database/invalides/paris_invalides_000157.jpg,invalides
database/invalides/paris_invalides_000631.jpg,invalides
database/invalides/paris_invalides_000143.jpg,invalides
database/invalides/paris_invalides_000194.jpg,invalides
database/invalides/paris_invalides_000369.jpg,invalides
database/invalides/paris_invalides_000433.jpg,invalides
database/invalides/paris_invalides_000355.jpg,invalides
database/invalides/paris_invalides_000341.jpg,invalides
database/invalides/paris_invalides_000396.jpg,invalides
database/invalides/paris_invalides_000547.jpg,invalides
database/invalides/paris_invalides_000221.jpg,invalides
database/invalides/paris_invalides_000584.jpg,invalides
database/invalides/paris_invalides_000590.jpg,invalides
database/invalides/paris_invalides_000023.jpg,invalides
database/invalides/paris_invalides_000745.jpg,invalides
database/invalides/paris_invalides_000751.jpg,invalides
database/invalides/paris_invalides_000037.jpg,invalides
database/invalides/paris_invalides_000786.jpg,invalides
database/invalides/paris_invalides_000750.jpg,invalides
database/invalides/paris_invalides_000036.jpg,invalides
database/invalides/paris_invalides_000744.jpg,invalides
database/invalides/paris_invalides_000778.jpg,invalides
database/invalides/paris_invalides_000591.jpg,invalides
database/invalides/paris_invalides_000585.jpg,invalides
database/invalides/paris_invalides_000234.jpg,invalides
database/invalides/paris_invalides_000546.jpg,invalides
database/invalides/paris_invalides_000208.jpg,invalides
database/invalides/paris_invalides_000354.jpg,invalides
database/invalides/paris_invalides_000368.jpg,invalides
database/invalides/paris_invalides_000195.jpg,invalides
database/invalides/paris_invalides_000142.jpg,invalides
database/invalides/paris_invalides_000156.jpg,invalides
database/invalides/paris_invalides_000657.jpg,invalides
database/invalides/paris_invalides_000119.jpg,invalides
database/invalides/paris_invalides_000694.jpg,invalides
database/invalides/paris_invalides_000680.jpg,invalides
database/invalides/paris_invalides_000469.jpg,invalides
database/invalides/paris_invalides_000482.jpg,invalides
database/invalides/paris_invalides_000247.jpg,invalides
database/invalides/paris_invalides_000253.jpg,invalides
database/invalides/paris_invalides_000284.jpg,invalides
database/invalides/paris_invalides_000290.jpg,invalides
database/invalides/paris_invalides_000045.jpg,invalides
database/invalides/paris_invalides_000086.jpg,invalides
database/invalides/paris_invalides_000092.jpg,invalides
database/invalides/paris_invalides_000093.jpg,invalides
database/invalides/paris_invalides_000087.jpg,invalides
database/invalides/paris_invalides_000078.jpg,invalides
database/invalides/paris_invalides_000050.jpg,invalides
database/invalides/paris_invalides_000044.jpg,invalides
database/invalides/paris_invalides_000291.jpg,invalides
database/invalides/paris_invalides_000285.jpg,invalides
database/invalides/paris_invalides_000252.jpg,invalides
database/invalides/paris_invalides_000483.jpg,invalides
database/invalides/paris_invalides_000497.jpg,invalides
database/invalides/paris_invalides_000468.jpg,invalides
database/invalides/paris_invalides_000326.jpg,invalides
database/invalides/paris_invalides_000454.jpg,invalides
database/invalides/paris_invalides_000681.jpg,invalides
database/invalides/paris_invalides_000695.jpg,invalides
database/invalides/paris_invalides_000642.jpg,invalides
database/invalides/paris_invalides_000124.jpg,invalides
database/invalides/paris_invalides_000656.jpg,invalides
database/invalides/paris_invalides_000132.jpg,invalides
database/invalides/paris_invalides_000668.jpg,invalides
database/invalides/paris_invalides_000683.jpg,invalides
database/invalides/paris_invalides_000330.jpg,invalides
database/invalides/paris_invalides_000318.jpg,invalides
database/invalides/paris_invalides_000481.jpg,invalides
database/invalides/paris_invalides_000495.jpg,invalides
database/invalides/paris_invalides_000293.jpg,invalides
database/invalides/paris_invalides_000287.jpg,invalides
database/invalides/paris_invalides_000052.jpg,invalides
database/invalides/paris_invalides_000708.jpg,invalides
database/invalides/paris_invalides_000091.jpg,invalides
database/invalides/paris_invalides_000085.jpg,invalides
database/invalides/paris_invalides_000084.jpg,invalides
database/invalides/paris_invalides_000090.jpg,invalides
database/invalides/paris_invalides_000709.jpg,invalides
database/invalides/paris_invalides_000047.jpg,invalides
database/invalides/paris_invalides_000286.jpg,invalides
database/invalides/paris_invalides_000292.jpg,invalides
database/invalides/paris_invalides_000251.jpg,invalides
database/invalides/paris_invalides_000494.jpg,invalides
database/invalides/paris_invalides_000480.jpg,invalides
database/invalides/paris_invalides_000319.jpg,invalides
database/invalides/paris_invalides_000457.jpg,invalides
database/invalides/paris_invalides_000682.jpg,invalides
database/invalides/paris_invalides_000669.jpg,invalides
database/invalides/paris_invalides_000133.jpg,invalides
database/invalides/paris_invalides_000127.jpg,invalides
database/invalides/paris_invalides_000641.jpg,invalides
database/invalides/paris_invalides_000679.jpg,invalides
database/invalides/paris_invalides_000645.jpg,invalides
database/invalides/paris_invalides_000123.jpg,invalides
database/invalides/paris_invalides_000137.jpg,invalides
database/invalides/paris_invalides_000651.jpg,invalides
database/invalides/paris_invalides_000686.jpg,invalides
database/invalides/paris_invalides_000692.jpg,invalides
database/invalides/paris_invalides_000447.jpg,invalides
database/invalides/paris_invalides_000453.jpg,invalides
database/invalides/paris_invalides_000484.jpg,invalides
database/invalides/paris_invalides_000490.jpg,invalides
database/invalides/paris_invalides_000269.jpg,invalides
database/invalides/paris_invalides_000255.jpg,invalides
database/invalides/paris_invalides_000533.jpg,invalides
database/invalides/paris_invalides_000296.jpg,invalides
database/invalides/paris_invalides_000282.jpg,invalides
database/invalides/paris_invalides_000057.jpg,invalides
database/invalides/paris_invalides_000043.jpg,invalides
database/invalides/paris_invalides_000094.jpg,invalides
database/invalides/paris_invalides_000081.jpg,invalides
database/invalides/paris_invalides_000095.jpg,invalides
database/invalides/paris_invalides_000042.jpg,invalides
database/invalides/paris_invalides_000056.jpg,invalides
database/invalides/paris_invalides_000283.jpg,invalides
database/invalides/paris_invalides_000297.jpg,invalides
database/invalides/paris_invalides_000254.jpg,invalides
database/invalides/paris_invalides_000268.jpg,invalides
database/invalides/paris_invalides_000320.jpg,invalides
database/invalides/paris_invalides_000446.jpg,invalides
database/invalides/paris_invalides_000308.jpg,invalides
database/invalides/paris_invalides_000693.jpg,invalides
database/invalides/paris_invalides_000136.jpg,invalides
database/invalides/paris_invalides_000650.jpg,invalides
database/invalides/paris_invalides_000644.jpg,invalides
database/invalides/paris_invalides_000122.jpg,invalides
database/invalides/paris_invalides_000652.jpg,invalides
database/invalides/paris_invalides_000646.jpg,invalides
database/invalides/paris_invalides_000691.jpg,invalides
database/invalides/paris_invalides_000685.jpg,invalides
database/invalides/paris_invalides_000478.jpg,invalides
database/invalides/paris_invalides_000444.jpg,invalides
database/invalides/paris_invalides_000256.jpg,invalides
database/invalides/paris_invalides_000295.jpg,invalides
database/invalides/paris_invalides_000040.jpg,invalides
database/invalides/paris_invalides_000083.jpg,invalides
database/invalides/paris_invalides_000097.jpg,invalides
database/invalides/paris_invalides_000096.jpg,invalides
database/invalides/paris_invalides_000055.jpg,invalides
database/invalides/paris_invalides_000041.jpg,invalides
database/invalides/paris_invalides_000294.jpg,invalides
database/invalides/paris_invalides_000257.jpg,invalides
database/invalides/paris_invalides_000486.jpg,invalides
database/invalides/paris_invalides_000445.jpg,invalides
database/invalides/paris_invalides_000451.jpg,invalides
database/invalides/paris_invalides_000479.jpg,invalides
database/invalides/paris_invalides_000684.jpg,invalides
database/invalides/paris_invalides_000653.jpg,invalides
database/invalides/paris_invalides_000109.jpg,invalides
database/invalides/paris_invalides_000676.jpg,invalides
database/invalides/paris_invalides_000662.jpg,invalides
database/invalides/paris_invalides_000138.jpg,invalides
database/invalides/paris_invalides_000474.jpg,invalides
database/invalides/paris_invalides_000312.jpg,invalides
database/invalides/paris_invalides_000460.jpg,invalides
database/invalides/paris_invalides_000500.jpg,invalides
database/invalides/paris_invalides_000272.jpg,invalides
database/invalides/paris_invalides_000299.jpg,invalides
database/invalides/paris_invalides_000064.jpg,invalides
database/invalides/paris_invalides_000716.jpg,invalides
database/invalides/paris_invalides_000070.jpg,invalides
database/invalides/paris_invalides_000717.jpg,invalides
database/invalides/paris_invalides_000065.jpg,invalides
database/invalides/paris_invalides_000273.jpg,invalides
database/invalides/paris_invalides_000501.jpg,invalides
database/invalides/paris_invalides_000267.jpg,invalides
database/invalides/paris_invalides_000461.jpg,invalides
database/invalides/paris_invalides_000475.jpg,invalides
database/invalides/paris_invalides_000313.jpg,invalides
database/invalides/paris_invalides_000688.jpg,invalides
database/invalides/paris_invalides_000663.jpg,invalides
database/invalides/paris_invalides_000677.jpg,invalides
database/invalides/paris_invalides_000107.jpg,invalides
database/invalides/paris_invalides_000661.jpg,invalides
database/invalides/paris_invalides_000113.jpg,invalides
database/invalides/paris_invalides_000463.jpg,invalides
database/invalides/paris_invalides_000305.jpg,invalides
database/invalides/paris_invalides_000477.jpg,invalides
database/invalides/paris_invalides_000339.jpg,invalides
database/invalides/paris_invalides_000488.jpg,invalides
database/invalides/paris_invalides_000271.jpg,invalides
database/invalides/paris_invalides_000265.jpg,invalides
database/invalides/paris_invalides_000259.jpg,invalides
database/invalides/paris_invalides_000715.jpg,invalides
database/invalides/paris_invalides_000067.jpg,invalides
database/invalides/paris_invalides_000098.jpg,invalides
database/invalides/paris_invalides_000099.jpg,invalides
database/invalides/paris_invalides_000700.jpg,invalides
database/invalides/paris_invalides_000072.jpg,invalides
database/invalides/paris_invalides_000714.jpg,invalides
database/invalides/paris_invalides_000258.jpg,invalides
database/invalides/paris_invalides_000270.jpg,invalides
database/invalides/paris_invalides_000489.jpg,invalides
database/invalides/paris_invalides_000310.jpg,invalides
database/invalides/paris_invalides_000476.jpg,invalides
database/invalides/paris_invalides_000462.jpg,invalides
database/invalides/paris_invalides_000304.jpg,invalides
database/invalides/paris_invalides_000674.jpg,invalides
database/invalides/paris_invalides_000112.jpg,invalides
database/invalides/paris_invalides_000106.jpg,invalides
database/invalides/paris_invalides_000660.jpg,invalides
database/invalides/paris_invalides_000664.jpg,invalides
database/invalides/paris_invalides_000102.jpg,invalides
database/invalides/paris_invalides_000116.jpg,invalides
database/invalides/paris_invalides_000670.jpg,invalides
database/invalides/paris_invalides_000466.jpg,invalides
database/invalides/paris_invalides_000472.jpg,invalides
database/invalides/paris_invalides_000314.jpg,invalides
database/invalides/paris_invalides_000248.jpg,invalides
database/invalides/paris_invalides_000274.jpg,invalides
database/invalides/paris_invalides_000260.jpg,invalides
database/invalides/paris_invalides_000710.jpg,invalides
database/invalides/paris_invalides_000089.jpg,invalides
database/invalides/paris_invalides_000088.jpg,invalides
database/invalides/paris_invalides_000063.jpg,invalides
database/invalides/paris_invalides_000705.jpg,invalides
database/invalides/paris_invalides_000711.jpg,invalides
database/invalides/paris_invalides_000275.jpg,invalides
database/invalides/paris_invalides_000473.jpg,invalides
database/invalides/paris_invalides_000315.jpg,invalides
database/invalides/paris_invalides_000467.jpg,invalides
database/invalides/paris_invalides_000129.jpg,invalides
database/invalides/paris_invalides_000673.jpg,invalides
database/invalides/paris_invalides_000101.jpg,invalides
database/invalides/paris_invalides_000667.jpg,invalides
database/invalides/paris_invalides_000459.jpg,invalides
database/invalides/paris_invalides_000471.jpg,invalides
database/invalides/paris_invalides_000465.jpg,invalides
database/invalides/paris_invalides_000263.jpg,invalides
database/invalides/paris_invalides_000277.jpg,invalides
database/invalides/paris_invalides_000049.jpg,invalides
database/invalides/paris_invalides_000707.jpg,invalides
database/invalides/paris_invalides_000713.jpg,invalides
database/invalides/paris_invalides_000712.jpg,invalides
database/invalides/paris_invalides_000706.jpg,invalides
database/invalides/paris_invalides_000060.jpg,invalides
database/invalides/paris_invalides_000048.jpg,invalides
database/invalides/paris_invalides_000262.jpg,invalides
database/invalides/paris_invalides_000302.jpg,invalides
database/invalides/paris_invalides_000316.jpg,invalides
database/invalides/paris_invalides_000470.jpg,invalides
database/invalides/paris_invalides_000458.jpg,invalides
database/invalides/paris_invalides_000699.jpg,invalides
database/invalides/paris_invalides_000100.jpg,invalides
database/invalides/paris_invalides_000666.jpg,invalides
database/invalides/paris_invalides_000128.jpg,invalides
database/invalides/paris_invalides_000615.jpg,invalides
database/invalides/paris_invalides_000167.jpg,invalides
database/invalides/paris_invalides_000601.jpg,invalides
database/invalides/paris_invalides_000198.jpg,invalides
database/invalides/paris_invalides_000371.jpg,invalides
database/invalides/paris_invalides_000417.jpg,invalides
database/invalides/paris_invalides_000403.jpg,invalides
database/invalides/paris_invalides_000359.jpg,invalides
database/invalides/paris_invalides_000563.jpg,invalides
database/invalides/paris_invalides_000577.jpg,invalides
database/invalides/paris_invalides_000211.jpg,invalides
database/invalides/paris_invalides_000239.jpg,invalides
database/invalides/paris_invalides_000588.jpg,invalides
database/invalides/paris_invalides_000761.jpg,invalides
database/invalides/paris_invalides_000007.jpg,invalides
database/invalides/paris_invalides_000013.jpg,invalides
database/invalides/paris_invalides_000775.jpg,invalides
database/invalides/paris_invalides_000748.jpg,invalides
database/invalides/paris_invalides_000006.jpg,invalides
database/invalides/paris_invalides_000589.jpg,invalides
database/invalides/paris_invalides_000238.jpg,invalides
database/invalides/paris_invalides_000576.jpg,invalides
database/invalides/paris_invalides_000210.jpg,invalides
database/invalides/paris_invalides_000562.jpg,invalides
database/invalides/paris_invalides_000402.jpg,invalides
database/invalides/paris_invalides_000364.jpg,invalides
database/invalides/paris_invalides_000370.jpg,invalides
database/invalides/paris_invalides_000416.jpg,invalides
database/invalides/paris_invalides_000199.jpg,invalides
database/invalides/paris_invalides_000166.jpg,invalides
database/invalides/paris_invalides_000600.jpg,invalides
database/invalides/paris_invalides_000602.jpg,invalides
database/invalides/paris_invalides_000164.jpg,invalides
database/invalides/paris_invalides_000616.jpg,invalides
database/invalides/paris_invalides_000366.jpg,invalides
database/invalides/paris_invalides_000400.jpg,invalides
database/invalides/paris_invalides_000414.jpg,invalides
database/invalides/paris_invalides_000372.jpg,invalides
database/invalides/paris_invalides_000428.jpg,invalides
database/invalides/paris_invalides_000212.jpg,invalides
database/invalides/paris_invalides_000574.jpg,invalides
database/invalides/paris_invalides_000560.jpg,invalides
database/invalides/paris_invalides_000776.jpg,invalides
database/invalides/paris_invalides_000010.jpg,invalides
database/invalides/paris_invalides_000004.jpg,invalides
database/invalides/paris_invalides_000038.jpg,invalides
database/invalides/paris_invalides_000789.jpg,invalides
database/invalides/paris_invalides_000039.jpg,invalides
database/invalides/paris_invalides_000011.jpg,invalides
database/invalides/paris_invalides_000561.jpg,invalides
database/invalides/paris_invalides_000207.jpg,invalides
database/invalides/paris_invalides_000213.jpg,invalides
database/invalides/paris_invalides_000575.jpg,invalides
database/invalides/paris_invalides_000373.jpg,invalides
database/invalides/paris_invalides_000159.jpg,invalides
database/invalides/paris_invalides_000617.jpg,invalides
database/invalides/paris_invalides_000603.jpg,invalides
database/invalides/paris_invalides_000149.jpg,invalides
database/invalides/paris_invalides_000607.jpg,invalides
database/invalides/paris_invalides_000439.jpg,invalides
database/invalides/paris_invalides_000363.jpg,invalides
database/invalides/paris_invalides_000377.jpg,invalides
database/invalides/paris_invalides_000411.jpg,invalides
database/invalides/paris_invalides_000388.jpg,invalides
database/invalides/paris_invalides_000559.jpg,invalides
database/invalides/paris_invalides_000571.jpg,invalides
database/invalides/paris_invalides_000203.jpg,invalides
database/invalides/paris_invalides_000565.jpg,invalides
database/invalides/paris_invalides_000029.jpg,invalides
database/invalides/paris_invalides_000015.jpg,invalides
database/invalides/paris_invalides_000773.jpg,invalides
database/invalides/paris_invalides_000014.jpg,invalides
database/invalides/paris_invalides_000772.jpg,invalides
database/invalides/paris_invalides_000028.jpg,invalides
database/invalides/paris_invalides_000564.jpg,invalides
database/invalides/paris_invalides_000389.jpg,invalides
database/invalides/paris_invalides_000376.jpg,invalides
database/invalides/paris_invalides_000410.jpg,invalides
database/invalides/paris_invalides_000362.jpg,invalides
database/invalides/paris_invalides_000612.jpg,invalides
database/invalides/paris_invalides_000606.jpg,invalides
database/invalides/paris_invalides_000148.jpg,invalides
database/invalides/paris_invalides_000638.jpg,invalides
database/invalides/paris_invalides_000610.jpg,invalides
database/invalides/paris_invalides_000162.jpg,invalides
database/invalides/paris_invalides_000348.jpg,invalides
database/invalides/paris_invalides_000412.jpg,invalides
database/invalides/paris_invalides_000374.jpg,invalides
database/invalides/paris_invalides_000360.jpg,invalides
database/invalides/paris_invalides_000566.jpg,invalides
database/invalides/paris_invalides_000200.jpg,invalides
database/invalides/paris_invalides_000572.jpg,invalides
database/invalides/paris_invalides_000002.jpg,invalides
database/invalides/paris_invalides_000016.jpg,invalides
database/invalides/paris_invalides_000771.jpg,invalides
database/invalides/paris_invalides_000017.jpg,invalides
database/invalides/paris_invalides_000003.jpg,invalides
database/invalides/paris_invalides_000765.jpg,invalides
database/invalides/paris_invalides_000759.jpg,invalides
database/invalides/paris_invalides_000573.jpg,invalides
database/invalides/paris_invalides_000229.jpg,invalides
database/invalides/paris_invalides_000361.jpg,invalides
database/invalides/paris_invalides_000413.jpg,invalides
database/invalides/paris_invalides_000375.jpg,invalides
database/invalides/paris_invalides_000349.jpg,invalides
database/invalides/paris_invalides_000611.jpg,invalides
database/invalides/paris_invalides_000639.jpg,invalides